#,Maq,Algoritmo,N,t (pico),t sin norm(pico)
1,1,MergeSort,4096,7.299.072.266,2989700000.00
2,1,SelectionSort,4096,4.066.625.977,16656900000.00
3,1,MergeSort,8192,4.835.693.359,3961400000.00
4,1,SelectionSort,8192,7.954.199.219,65160800000.00
5,1,MergeSort,16384,4.742.614.746,7770300000.00
6,1,SelectionSort,16384,16051818.85,262993000000.00
7,1,MergeSort,4096,4.871.826.172,1995500000.00
8,1,SelectionSort,4096,3.804.296.875,15582400000.00
9,1,MergeSort,8192,3.465.087.891,2838600000.00
10,1,SelectionSort,8192,8001232.91,65546100000.00
11,1,MergeSort,16384,3.436.889.648,5631000000.00
12,1,SelectionSort,16384,15949212.65,261311900000.00
13,1,MergeSort,4096,2.495.361.328,1022100000.00
14,1,SelectionSort,4096,4.010.644.531,16427600000.00
15,1,MergeSort,8192,2.434.936.523,1994700000.00
16,1,SelectionSort,8192,7.992.858.887,65477500000.00
17,1,MergeSort,16384,3.043.518.066,4986500000.00
18,1,SelectionSort,16384,15878204.35,260148500000.00
19,1,MergeSort,4096,2.434.570.313,997200000.00
20,1,SelectionSort,4096,3.902.734.375,15985600000.00
21,1,MergeSort,8192,365.222.168,2991900000.00
22,1,SelectionSort,8192,7888159.18,64619800000.00
23,1,MergeSort,16384,3.887.939.453,6370000000.00
24,1,SelectionSort,16384,15809942.63,259030100000.00
25,1,MergeSort,4096,4.875.976.563,1997200000.00
26,1,SelectionSort,4096,3.841.748.047,15735800000.00
27,1,MergeSort,8192,3.617.431.641,2963400000.00
28,1,SelectionSort,8192,7.939.477.539,65040200000.00
29,1,MergeSort,16384,3.652.587.891,5984400000.00
30,1,SelectionSort,16384,15860223.39,259853900000.00
31,1,MergeSort,4096,2.437.744.141,998500000.00
32,1,SelectionSort,4096,4.062.915.039,16641700000.00
33,1,MergeSort,8192,2.437.866.211,1997100000.00
34,1,SelectionSort,8192,7.813.562.012,64008700000.00
35,1,MergeSort,16384,3.662.719.727,6001000000.00
36,1,SelectionSort,16384,15743560.79,257942500000.00
37,1,MergeSort,4096,2.444.335.938,1001200000.00
38,1,SelectionSort,4096,3.841.113.281,15733200000.00
39,1,MergeSort,8192,3.653.198.242,2992700000.00
40,1,SelectionSort,8192,7.887.438.965,64613900000.00
41,1,MergeSort,16384,3.040.771.484,4982000000.00
42,1,SelectionSort,16384,15903973.39,260570700000.00
43,1,MergeSort,4096,2.428.710.938,994800000.00
44,1,SelectionSort,4096,4.015.551.758,16447700000.00
45,1,MergeSort,8192,3.652.587.891,2992200000.00
46,1,SelectionSort,8192,7.901.647.949,64730300000.00
47,1,MergeSort,16384,3.027.160.645,4959700000.00
48,1,SelectionSort,16384,15963354.49,261543600000.00
49,1,MergeSort,4096,4.799.072.266,1965700000.00
50,1,SelectionSort,4096,3.856.933.594,15798000000.00
51,1,MergeSort,8192,2.400.146.484,1966200000.00
52,1,SelectionSort,8192,7.916.491.699,64851900000.00
53,1,MergeSort,16384,3.043.334.961,4986200000.00
54,1,SelectionSort,16384,15725756.84,257650800000.00
55,1,MergeSort,4096,2.434.082.031,997000000.00
56,1,SelectionSort,4096,3.996.289.063,16368800000.00
57,1,MergeSort,8192,2.435.668.945,1995300000.00
58,1,SelectionSort,8192,8.090.100.098,66274100000.00
59,1,MergeSort,16384,3.043.212.891,4986000000.00
60,1,SelectionSort,16384,15743780.52,257946100000.00
61,1,MergeSort,4096,2.419.189.453,990900000.00
62,1,SelectionSort,4096,3908593.75,16009600000.00
63,1,MergeSort,8192,365.222.168,2991900000.00
64,1,SelectionSort,8192,7.789.355.469,63810400000.00
65,1,MergeSort,16384,305.456.543,5004600000.00
66,1,SelectionSort,16384,15738238.53,257855300000.00
67,1,MergeSort,4096,2.442.871.094,1000600000.00
68,1,SelectionSort,4096,3.987.866.211,16334300000.00
69,1,MergeSort,8192,2.432.006.836,1992300000.00
70,1,SelectionSort,8192,7.814.819.336,64019000000.00
71,1,MergeSort,16384,356.048.584,5833500000.00
72,1,SelectionSort,16384,15846276.86,259625400000.00
73,1,MergeSort,4096,2.508.056.641,1027300000.00
74,1,SelectionSort,4096,3.865.893.555,15834700000.00
75,1,MergeSort,8192,3.681.762.695,3016100000.00
76,1,SelectionSort,8192,7.957.910.156,65191200000.00
77,1,MergeSort,16384,3.688.049.316,6042500000.00
78,1,SelectionSort,16384,15798126.22,258836500000.00
79,1,MergeSort,4096,2.496.826.172,1022700000.00
80,1,SelectionSort,4096,4.002.758.789,16395300000.00
81,1,MergeSort,8192,2.463.745.117,2018300000.00
82,1,SelectionSort,8192,7.920.031.738,64880900000.00
83,1,MergeSort,16384,3.653.991.699,5986700000.00
84,1,SelectionSort,16384,15693200.68,257117400000.00
85,1,MergeSort,4096,2.365.966.797,969100000.00
86,1,SelectionSort,4096,3.707.226.563,15184800000.00
87,1,MergeSort,8192,3.389.282.227,2776500000.00
88,1,SelectionSort,8192,7838159.18,64210200000.00
89,1,MergeSort,16384,3.649.902.344,5980000000.00
90,1,SelectionSort,16384,15760247.8,258215900000.00
91,1,MergeSort,4096,2.410.644.531,987400000.00
92,1,SelectionSort,4096,3857031.25,15798400000.00
93,1,MergeSort,8192,2.471.801.758,2024900000.00
94,1,SelectionSort,8192,7.915.283.203,64842000000.00
95,1,MergeSort,16384,3.559.020.996,5831100000.00
96,1,SelectionSort,16384,15807849.12,258995800000.00
97,1,MergeSort,4096,1.975.830.078,809300000.00
98,1,SelectionSort,4096,3.992.358.398,16352700000.00
99,1,MergeSort,8192,2.468.505.859,2022200000.00
100,1,SelectionSort,8192,7.936.743.164,65017800000.00
101,1,MergeSort,16384,3.649.780.273,5979800000.00
102,1,SelectionSort,16384,15754241.94,258117500000.00
103,1,MergeSort,4096,2.368.896.484,970300000.00
104,1,SelectionSort,4096,4.028.857.422,16502200000.00
105,1,MergeSort,8192,3.652.587.891,2992200000.00
106,1,SelectionSort,8192,7.847.045.898,64283000000.00
107,1,MergeSort,16384,3.651.916.504,5983300000.00
108,1,SelectionSort,16384,15761370.85,258234300000.00
109,1,MergeSort,4096,4.868.164.063,1994000000.00
110,1,SelectionSort,4096,3.859.716.797,15809400000.00
111,1,MergeSort,8192,2.432.861.328,1993000000.00
112,1,SelectionSort,8192,7827795.41,64125300000.00
113,1,MergeSort,16384,3.652.282.715,5983900000.00
114,1,SelectionSort,16384,15687896.73,257030500000.00
115,1,MergeSort,4096,2.500.488.281,1024200000.00
116,1,SelectionSort,4096,3836059.57,15712500000.00
117,1,MergeSort,8192,3.651.733.398,2991500000.00
118,1,SelectionSort,8192,7.795.007.324,63856700000.00
119,1,MergeSort,16384,3.666.748.047,6007600000.00
120,1,SelectionSort,16384,15649304.2,256398200000.00
121,1,MergeSort,4096,2.432.861.328,996500000.00
122,1,SelectionSort,4096,3.878.100.586,15884700000.00
123,1,MergeSort,8192,3.886.108.398,3183500000.00
124,1,SelectionSort,8192,7.869.934.082,64470500000.00
125,1,MergeSort,16384,3.061.889.648,5016600000.00
126,1,SelectionSort,16384,15903784.18,260567600000.00
127,1,MergeSort,4096,2.366.943.359,969500000.00
128,1,SelectionSort,4096,3.881.005.859,15896600000.00
129,1,MergeSort,8192,3.504.272.461,2870700000.00
130,1,SelectionSort,8192,7.754.040.527,63521100000.00
131,1,MergeSort,16384,2.918.701.172,4782000000.00
132,1,SelectionSort,16384,15827899.17,259324300000.00
133,1,MergeSort,4096,246875,1011200000.00
134,1,SelectionSort,4096,4.004.150.391,16401000000.00
135,1,MergeSort,8192,2.466.552.734,2020600000.00
136,1,SelectionSort,8192,7.886.523.438,64606400000.00
137,1,MergeSort,16384,3.424.438.477,5610600000.00
138,1,SelectionSort,16384,15769152.83,258361800000.00
139,1,MergeSort,4096,2.433.837.891,996900000.00
140,1,SelectionSort,4096,4.064.257.813,16647200000.00
141,1,MergeSort,8192,2.746.337.891,2249800000.00
142,1,SelectionSort,8192,7.959.643.555,65205400000.00
143,1,MergeSort,16384,3.561.767.578,5835600000.00
144,1,SelectionSort,16384,15850952.15,259702000000.00
145,1,MergeSort,4096,2.369.628.906,970600000.00
146,1,SelectionSort,4096,3.909.765.625,16014400000.00
147,1,MergeSort,8192,2.342.163.086,1918700000.00
148,1,SelectionSort,8192,7.855.957.031,64356000000.00
149,1,MergeSort,16384,3.553.771.973,5822500000.00
150,1,SelectionSort,16384,15738916.02,257866400000.00
151,1,MergeSort,4096,242.578.125,993600000.00
152,1,SelectionSort,4096,3.862.866.211,15822300000.00
153,1,MergeSort,8192,2.438.964.844,1998000000.00
154,1,SelectionSort,8192,7.888.696.289,64624200000.00
155,1,MergeSort,16384,3.655.944.824,5989900000.00
156,1,SelectionSort,16384,15705932.62,257326000000.00
157,1,MergeSort,4096,2.370.117.188,970800000.00
158,1,SelectionSort,4096,3.846.435.547,15755000000.00
159,1,MergeSort,8192,3.686.279.297,3019800000.00
160,1,SelectionSort,8192,7.819.592.285,64058100000.00
161,1,MergeSort,16384,3.653.747.559,5986300000.00
162,1,SelectionSort,16384,15689300.54,257053500000.00
163,1,MergeSort,4096,2.436.279.297,997900000.00
164,1,SelectionSort,4096,3.916.894.531,16043600000.00
165,1,MergeSort,8192,2.470.703.125,2024000000.00
166,1,SelectionSort,8192,7.916.516.113,64852100000.00
167,1,MergeSort,16384,306.060.791,5014500000.00
168,1,SelectionSort,16384,15750415.04,258054800000.00
169,1,MergeSort,4096,2.439.453.125,999200000.00
170,1,SelectionSort,4096,4.154.296.875,17016000000.00
171,1,MergeSort,8192,2.434.936.523,1994700000.00
172,1,SelectionSort,8192,7865295.41,64432500000.00
173,1,MergeSort,16384,3.326.721.191,5450500000.00
174,1,SelectionSort,16384,15753436.28,258104300000.00
175,1,MergeSort,4096,2.436.279.297,997900000.00
176,1,SelectionSort,4096,4.108.520.508,16828500000.00
177,1,MergeSort,8192,2.435.180.664,1994900000.00
178,1,SelectionSort,8192,7.857.922.363,64372100000.00
179,1,MergeSort,16384,2.915.100.098,4776100000.00
180,1,SelectionSort,16384,15600122.07,255592400000.00
181,1,MergeSort,4096,253906.25,1040000000.00
182,1,SelectionSort,4096,3.903.613.281,15989200000.00
183,1,MergeSort,8192,3.004.272.461,2461100000.00
184,1,SelectionSort,8192,7.824.963.379,64102100000.00
185,1,MergeSort,16384,2.901.672.363,4754100000.00
186,1,SelectionSort,16384,15689300.54,257053500000.00
187,1,MergeSort,4096,2.432.617.188,996400000.00
188,1,SelectionSort,4096,4.118.603.516,16869800000.00
189,1,MergeSort,8192,2.435.180.664,1994900000.00
190,1,SelectionSort,8192,7.870.996.094,64479200000.00
191,1,MergeSort,16384,3.652.404.785,5984100000.00
192,1,SelectionSort,16384,15720843.51,257570300000.00
193,1,MergeSort,4096,2.435.058.594,997400000.00
194,1,SelectionSort,4096,3.985.986.328,16326600000.00
195,1,MergeSort,8192,3.652.587.891,2992200000.00
196,1,SelectionSort,8192,7.829.943.848,64142900000.00
197,1,MergeSort,16384,3.059.082.031,5012000000.00
198,1,SelectionSort,16384,15809625.24,259024900000.00
199,1,MergeSort,4096,2.422.851.563,992400000.00
200,1,SelectionSort,4096,3.973.413.086,16275100000.00
201,1,MergeSort,8192,368.371.582,3017700000.00
202,1,SelectionSort,8192,7.719.995.117,63242200000.00
203,1,MergeSort,16384,2.980.529.785,4883300000.00
204,1,SelectionSort,16384,15717968.75,257523200000.00
205,1,MergeSort,4096,2.493.164.063,1021200000.00
206,1,SelectionSort,4096,3.652.612.305,14961100000.00
207,1,MergeSort,8192,2.415.405.273,1978700000.00
208,1,SelectionSort,8192,7896667.48,64689500000.00
209,1,MergeSort,16384,3.046.691.895,4991700000.00
210,1,SelectionSort,16384,15748394.78,258021700000.00
211,1,MergeSort,4096,4.970.947.266,2036100000.00
212,1,SelectionSort,4096,3.886.010.742,15917100000.00
213,1,MergeSort,8192,3.680.053.711,3014700000.00
214,1,SelectionSort,8192,7.772.290.039,63670600000.00
215,1,MergeSort,16384,3.062.072.754,5016900000.00
216,1,SelectionSort,16384,15705627.44,257321000000.00
217,1,MergeSort,4096,2.428.955.078,994900000.00
218,1,SelectionSort,4096,3871215.82,15856500000.00
219,1,MergeSort,8192,2.468.383.789,2022100000.00
220,1,SelectionSort,8192,7961718.75,65222400000.00
221,1,MergeSort,16384,3.043.640.137,4986700000.00
222,1,SelectionSort,16384,15783221.44,258592300000.00
223,1,MergeSort,4096,2.415.283.203,989300000.00
224,1,SelectionSort,4096,3.833.276.367,15701100000.00
225,1,MergeSort,8192,3.652.587.891,2992200000.00
226,1,SelectionSort,8192,7.880.737.305,64559000000.00
227,1,MergeSort,16384,3.058.654.785,5011300000.00
228,1,SelectionSort,16384,15829284.67,259347000000.00
229,1,MergeSort,4096,2.367.431.641,969700000.00
230,1,SelectionSort,4096,3.824.682.617,15665900000.00
231,1,MergeSort,8192,365.222.168,2991900000.00
232,1,SelectionSort,8192,7.825.170.898,64103800000.00
233,1,MergeSort,16384,3.277.832.031,5370400000.00
234,1,SelectionSort,16384,15669989.01,256737100000.00
235,1,MergeSort,4096,2.442.382.813,1000400000.00
236,1,SelectionSort,4096,3.905.224.609,15995800000.00
237,1,MergeSort,8192,3.557.250.977,2914100000.00
238,1,SelectionSort,8192,7.847.058.105,64283100000.00
239,1,MergeSort,16384,3.538.696.289,5797800000.00
240,1,SelectionSort,16384,15719036.87,257540700000.00
241,1,MergeSort,4096,1.508.056.641,617700000.00
242,1,SelectionSort,4096,4.034.301.758,16524500000.00
243,1,MergeSort,8192,2.434.936.523,1994700000.00
244,1,SelectionSort,8192,7.851.721.191,64321300000.00
245,1,MergeSort,16384,3.635.925.293,5957100000.00
246,1,SelectionSort,16384,15760034.18,258212400000.00
247,1,MergeSort,4096,2.435.791.016,997700000.00
248,1,SelectionSort,4096,4.049.707.031,16587600000.00
249,1,MergeSort,8192,2.464.477.539,2018900000.00
250,1,SelectionSort,8192,7.844.494.629,64262100000.00
251,1,MergeSort,16384,365.246.582,5984200000.00
252,1,SelectionSort,16384,15722186.28,257592300000.00
253,1,MergeSort,4096,2.368.408.203,970100000.00
254,1,SelectionSort,4096,3.919.213.867,16053100000.00
255,1,MergeSort,8192,246.484.375,2019200000.00
256,1,SelectionSort,8192,7.892.541.504,64655700000.00
257,1,MergeSort,16384,3.669.677.734,6012400000.00
258,1,SelectionSort,16384,15776464.84,258481600000.00
259,1,MergeSort,4096,235937.5,966400000.00
260,1,SelectionSort,4096,3.890.307.617,15934700000.00
261,1,MergeSort,8192,3.649.780.273,2989900000.00
262,1,SelectionSort,8192,7.709.790.039,63158600000.00
263,1,MergeSort,16384,3.246.398.926,5318900000.00
264,1,SelectionSort,16384,15747473.14,258006600000.00
265,1,MergeSort,4096,2.507.080.078,1026900000.00
266,1,SelectionSort,4096,3.860.717.773,15813500000.00
267,1,MergeSort,8192,2.470.092.773,2023500000.00
268,1,SelectionSort,8192,8.027.319.336,65759800000.00
269,1,MergeSort,16384,3.587.219.238,5877300000.00
270,1,SelectionSort,16384,15755938.72,258145300000.00
271,1,MergeSort,4096,2.366.210.938,969200000.00
272,1,SelectionSort,4096,3.733.227.539,15291300000.00
273,1,MergeSort,8192,3.682.739.258,3016900000.00
274,1,SelectionSort,8192,7.836.425.781,64196000000.00
275,1,MergeSort,16384,2.986.694.336,4893400000.00
276,1,SelectionSort,16384,15721514.89,257581300000.00
277,1,MergeSort,4096,2.489.746.094,1019800000.00
278,1,SelectionSort,4096,4.056.591.797,16615800000.00
279,1,MergeSort,8192,3.438.598.633,2816900000.00
280,1,SelectionSort,8192,8.023.669.434,65729900000.00
281,1,MergeSort,16384,3.043.640.137,4986700000.00
282,1,SelectionSort,16384,15874554.44,260088700000.00
283,1,MergeSort,4096,2.369.628.906,970600000.00
284,1,SelectionSort,4096,3811840.82,15613300000.00
285,1,MergeSort,8192,3.486.083.984,2855800000.00
286,1,SelectionSort,8192,7.912.243.652,64817100000.00
287,1,MergeSort,16384,350.970.459,5750300000.00
288,1,SelectionSort,16384,15758923.34,258194200000.00
289,1,MergeSort,4096,2.436.523.438,998000000.00
290,1,SelectionSort,4096,3.895.727.539,15956900000.00
291,1,MergeSort,8192,4.118.652.344,3374000000.00
292,1,SelectionSort,8192,7.916.394.043,64851100000.00
293,1,MergeSort,16384,2.932.556.152,4804700000.00
294,1,SelectionSort,16384,15774163.82,258443900000.00
295,1,MergeSort,4096,2.484.619.141,1017700000.00
296,1,SelectionSort,4096,3.751.293.945,15365300000.00
297,1,MergeSort,8192,2.453.491.211,2009900000.00
298,1,SelectionSort,8192,7.999.938.965,65535500000.00
299,1,MergeSort,16384,3.307.189.941,5418500000.00
300,1,SelectionSort,16384,15803076.17,258917600000.00
301,1,MergeSort,4096,2.483.154.297,1017100000.00
302,1,SelectionSort,4096,4.106.591.797,16820600000.00
303,1,MergeSort,8192,3.319.335.938,2719200000.00
304,1,SelectionSort,8192,7.909.460.449,64794300000.00
305,1,MergeSort,16384,3.026.550.293,4958700000.00
306,1,SelectionSort,16384,15915954.59,260767000000.00
307,1,MergeSort,4096,2.436.767.578,998100000.00
308,1,SelectionSort,4096,4.030.371.094,16508400000.00
309,1,MergeSort,8192,3.439.208.984,2817400000.00
310,1,SelectionSort,8192,7932238.77,64980900000.00
311,1,MergeSort,16384,3.043.457.031,4986400000.00
312,1,SelectionSort,16384,15910711.67,260681100000.00
313,1,MergeSort,4096,2.422.363.281,992200000.00
314,1,SelectionSort,4096,3.873.583.984,15866200000.00
315,1,MergeSort,8192,2.456.298.828,2012200000.00
316,1,SelectionSort,8192,7.957.446.289,65187400000.00
317,1,MergeSort,16384,3.417.236.328,5598800000.00
318,1,SelectionSort,16384,15773999.02,258441200000.00
319,1,MergeSort,4096,2.489.746.094,1019800000.00
320,1,SelectionSort,4096,3924877.93,16076300000.00
321,1,MergeSort,8192,3.686.645.508,3020100000.00
322,1,SelectionSort,8192,7.885.461.426,64597700000.00
323,1,MergeSort,16384,295.703.125,4844800000.00
324,1,SelectionSort,16384,15888879.39,260323400000.00
325,1,MergeSort,4096,2.436.523.438,998000000.00
326,1,SelectionSort,4096,3.938.305.664,16131300000.00
327,1,MergeSort,8192,3.680.786.133,3015300000.00
328,1,SelectionSort,8192,7.850.402.832,64310500000.00
329,1,MergeSort,16384,3.358.337.402,5502300000.00
330,1,SelectionSort,16384,15819561.77,259187700000.00
331,1,MergeSort,4096,4.848.388.672,1985900000.00
332,1,SelectionSort,4096,3.878.710.938,15887200000.00
333,1,MergeSort,8192,3.676.879.883,3012100000.00
334,1,SelectionSort,8192,7759167.48,63563100000.00
335,1,MergeSort,16384,296.472.168,4857400000.00
336,1,SelectionSort,16384,15621948.24,255950000000.00
337,1,MergeSort,4096,3.613.037.109,1479900000.00
338,1,SelectionSort,4096,4.112.109.375,16843200000.00
339,1,MergeSort,8192,2.400.268.555,1966300000.00
340,1,SelectionSort,8192,7.970.666.504,65295700000.00
341,1,MergeSort,16384,3.043.640.137,4986700000.00
342,1,SelectionSort,16384,15686285.4,257004100000.00
343,1,MergeSort,4096,2.434.326.172,997100000.00
344,1,SelectionSort,4096,3.823.486.328,15661000000.00
345,1,MergeSort,8192,2.430.786.133,1991300000.00
346,1,SelectionSort,8192,7.812.268.066,63998100000.00
347,1,MergeSort,16384,3.666.015.625,6006400000.00
348,1,SelectionSort,16384,15744384.77,257956000000.00
349,1,MergeSort,4096,2.435.791.016,997700000.00
350,1,SelectionSort,4096,4.068.066.406,16662800000.00
351,1,MergeSort,8192,2.430.786.133,1991300000.00
352,1,SelectionSort,8192,7.863.330.078,64416400000.00
353,1,MergeSort,16384,3.494.018.555,5724600000.00
354,1,SelectionSort,16384,15639575.2,256238800000.00
355,1,MergeSort,4096,2.495.849.609,1022300000.00
356,1,SelectionSort,4096,3.903.710.938,15989600000.00
357,1,MergeSort,8192,3.202.758.789,2623700000.00
358,1,SelectionSort,8192,7.809.399.414,63974600000.00
359,1,MergeSort,16384,3.044.494.629,4988100000.00
360,1,SelectionSort,16384,15695349.12,257152600000.00
361,1,MergeSort,4096,2.438.964.844,999000000.00
362,1,SelectionSort,4096,3.862.182.617,15819500000.00
363,1,MergeSort,8192,3.653.320.313,2992800000.00
364,1,SelectionSort,8192,7.814.367.676,64015300000.00
365,1,MergeSort,16384,3.042.907.715,4985500000.00
366,1,SelectionSort,16384,15808239.75,259002200000.00
367,1,MergeSort,4096,4.875.244.141,1996900000.00
368,1,SelectionSort,4096,3.908.178.711,16007900000.00
369,1,MergeSort,8192,3.652.832.031,2992400000.00
370,1,SelectionSort,8192,7.919.567.871,64877100000.00
371,1,MergeSort,16384,3.045.776.367,4990200000.00
372,1,SelectionSort,16384,15755358.89,258135800000.00
373,1,MergeSort,4096,2.365.234.375,968800000.00
374,1,SelectionSort,4096,3.878.979.492,15888300000.00
375,1,MergeSort,8192,3.657.592.773,2996300000.00
376,1,SelectionSort,8192,7.810.119.629,63980500000.00
377,1,MergeSort,16384,3.666.870.117,6007800000.00
378,1,SelectionSort,16384,15758721.92,258190900000.00
379,1,MergeSort,4096,2.434.570.313,997200000.00
380,1,SelectionSort,4096,3.888.696.289,15928100000.00
381,1,MergeSort,8192,3.646.728.516,2987400000.00
382,1,SelectionSort,8192,7.936.608.887,65016700000.00
383,1,MergeSort,16384,2.952.026.367,4836600000.00
384,1,SelectionSort,16384,15838238.53,259493700000.00
385,1,MergeSort,4096,2.507.324.219,1027000000.00
386,1,SelectionSort,4096,3.825.024.414,15667300000.00
387,1,MergeSort,8192,3.657.592.773,2996300000.00
388,1,SelectionSort,8192,7.940.942.383,65052200000.00
389,1,MergeSort,16384,3.043.457.031,4986400000.00
390,1,SelectionSort,16384,15965802,261583700000.00
391,1,MergeSort,4096,2.441.162.109,999900000.00
392,1,SelectionSort,4096,3.968.115.234,16253400000.00
393,1,MergeSort,8192,3.650.268.555,2990300000.00
394,1,SelectionSort,8192,7.704.016.113,63111300000.00
395,1,MergeSort,16384,3.666.748.047,6007600000.00
396,1,SelectionSort,16384,15759924.32,258210600000.00
397,1,MergeSort,4096,2.436.035.156,997800000.00
398,1,SelectionSort,4096,3.865.429.688,15832800000.00
399,1,MergeSort,8192,3.651.245.117,2991100000.00
400,1,SelectionSort,8192,7.868.383.789,64457800000.00
401,1,MergeSort,16384,293.572.998,4809900000.00
402,1,SelectionSort,16384,15774804.69,258454400000.00
403,1,MergeSort,4096,2.368.164.063,970000000.00
404,1,SelectionSort,4096,3.911.572.266,16021800000.00
405,1,MergeSort,8192,3.543.579.102,2902900000.00
406,1,SelectionSort,8192,7.785.253.906,63776800000.00
407,1,MergeSort,16384,357.635.498,5859500000.00
408,1,SelectionSort,16384,15836645.51,259467600000.00
409,1,MergeSort,4096,243.359.375,996800000.00
410,1,SelectionSort,4096,4.004.199.219,16401200000.00
411,1,MergeSort,8192,2.466.796.875,2020800000.00
412,1,SelectionSort,8192,7927343.75,64940800000.00
413,1,MergeSort,16384,3.012.695.313,4936000000.00
414,1,SelectionSort,16384,15808496.09,259006400000.00
415,1,MergeSort,4096,2.407.470.703,986100000.00
416,1,SelectionSort,4096,4.111.328.125,16840000000.00
417,1,MergeSort,8192,3.185.668.945,2609700000.00
418,1,SelectionSort,8192,7.982.519.531,65392800000.00
419,1,MergeSort,16384,297.442.627,4873300000.00
420,1,SelectionSort,16384,15625158.69,256002600000.00
421,1,MergeSort,4096,3.802.734.375,1557600000.00
422,1,SelectionSort,4096,3.837.524.414,15718500000.00
423,1,MergeSort,8192,2.470.336.914,2023700000.00
424,1,SelectionSort,8192,7.920.568.848,64885300000.00
425,1,MergeSort,16384,3.058.776.855,5011500000.00
426,1,SelectionSort,16384,15737115.48,257836900000.00
427,1,MergeSort,4096,2.432.373.047,996300000.00
428,1,SelectionSort,4096,3869531.25,15849600000.00
429,1,MergeSort,8192,3.650.024.414,2990100000.00
430,1,SelectionSort,8192,7.981.237.793,65382300000.00
431,1,MergeSort,16384,3.652.404.785,5984100000.00
432,1,SelectionSort,16384,15770849.61,258389600000.00
433,1,MergeSort,4096,2.440.917.969,999800000.00
434,1,SelectionSort,4096,3.918.041.992,16048300000.00
435,1,MergeSort,8192,3.650.756.836,2990700000.00
436,1,SelectionSort,8192,7759252.93,63563800000.00
437,1,MergeSort,16384,3.668.518.066,6010500000.00
438,1,SelectionSort,16384,15808685.3,259009500000.00
439,1,MergeSort,4096,4.867.675.781,1993800000.00
440,1,SelectionSort,4096,3900781.25,15977600000.00
441,1,MergeSort,8192,3.652.709.961,2992300000.00
442,1,SelectionSort,8192,7.853.076.172,64332400000.00
443,1,MergeSort,16384,3.055.664.063,5006400000.00
444,1,SelectionSort,16384,15618200.68,255888600000.00
445,1,MergeSort,4096,2.436.523.438,998000000.00
446,1,SelectionSort,4096,3.910.766.602,16018500000.00
447,1,MergeSort,8192,3.687.255.859,3020600000.00
448,1,SelectionSort,8192,7.817.529.297,64041200000.00
449,1,MergeSort,16384,3.063.354.492,5019000000.00
450,1,SelectionSort,16384,15938983.15,261144300000.00
451,1,MergeSort,4096,243750,998400000.00
452,1,SelectionSort,4096,3.900.585.938,15976800000.00
453,1,MergeSort,8192,3.651.733.398,2991500000.00
454,1,SelectionSort,8192,7.690.979.004,63004500000.00
455,1,MergeSort,16384,2.917.541.504,4780100000.00
456,1,SelectionSort,16384,15741741.94,257912700000.00
457,1,MergeSort,4096,488281.25,2000000000.00
458,1,SelectionSort,4096,3.912.915.039,16027300000.00
459,1,MergeSort,8192,3.673.583.984,3009400000.00
460,1,SelectionSort,8192,7.806.384.277,63949900000.00
461,1,MergeSort,16384,3.026.489.258,4958600000.00
462,1,SelectionSort,16384,15655419.92,256498400000.00
463,1,MergeSort,4096,3.860.107.422,1581100000.00
464,1,SelectionSort,4096,3.901.586.914,15980900000.00
465,1,MergeSort,8192,3.651.611.328,2991400000.00
466,1,SelectionSort,8192,7.856.933.594,64364000000.00
467,1,MergeSort,16384,3.043.579.102,4986600000.00
468,1,SelectionSort,16384,15883404.54,260233700000.00
469,1,MergeSort,4096,3.668.212.891,1502500000.00
470,1,SelectionSort,4096,3.909.936.523,16015100000.00
471,1,MergeSort,8192,2.650.512.695,2171300000.00
472,1,SelectionSort,8192,7768872.07,63642600000.00
473,1,MergeSort,16384,3.062.316.895,5017300000.00
474,1,SelectionSort,16384,15643896.48,256309600000.00
475,1,MergeSort,4096,2.496.337.891,1022500000.00
476,1,SelectionSort,4096,3.893.164.063,15946400000.00
477,1,MergeSort,8192,2.471.801.758,2024900000.00
478,1,SelectionSort,8192,7.801.831.055,63912600000.00
479,1,MergeSort,16384,3.105.895.996,5088700000.00
480,1,SelectionSort,16384,15639251.71,256233500000.00
481,1,MergeSort,4096,2.491.455.078,1020500000.00
482,1,SelectionSort,4096,3.903.369.141,15988200000.00
483,1,MergeSort,8192,3.396.606.445,2782500000.00
484,1,SelectionSort,8192,7802343.75,63916800000.00
485,1,MergeSort,16384,3.544.433.594,5807200000.00
486,1,SelectionSort,16384,15892309.57,260379600000.00
487,1,MergeSort,4096,2.602.539.063,1066000000.00
488,1,SelectionSort,4096,4.083.886.719,16727600000.00
489,1,MergeSort,8192,2.423.828.125,1985600000.00
490,1,SelectionSort,8192,7.950.708.008,65132200000.00
491,1,MergeSort,16384,3.545.166.016,5808400000.00
492,1,SelectionSort,16384,15704156.49,257296900000.00
493,1,MergeSort,4096,4.405.273.438,1804400000.00
494,1,SelectionSort,4096,3.853.344.727,15783300000.00
495,1,MergeSort,8192,2.436.157.227,1995700000.00
496,1,SelectionSort,8192,7.741.809.082,63420900000.00
497,1,MergeSort,16384,365.222.168,5983800000.00
498,1,SelectionSort,16384,15820220.95,259198500000.00
499,1,MergeSort,4096,2.433.349.609,996700000.00
500,1,SelectionSort,4096,3.918.115.234,16048600000.00
501,1,MergeSort,8192,3.652.587.891,2992200000.00
502,1,SelectionSort,8192,7.815.332.031,64023200000.00
503,1,MergeSort,16384,3.652.893.066,5984900000.00
504,1,SelectionSort,16384,15702740.48,257273700000.00
505,1,MergeSort,4096,4.869.873.047,1994700000.00
506,1,SelectionSort,4096,3.777.441.406,15472400000.00
507,1,MergeSort,8192,2.435.058.594,1994800000.00
508,1,SelectionSort,8192,7.892.724.609,64657200000.00
509,1,MergeSort,16384,365.057.373,5981100000.00
510,1,SelectionSort,16384,16172430.42,264969100000.00
511,1,MergeSort,4096,2.368.652.344,970200000.00
512,1,SelectionSort,4096,4.028.662.109,16501400000.00
513,1,MergeSort,8192,2.414.306.641,1977800000.00
514,1,SelectionSort,8192,7.752.758.789,63510600000.00
515,1,MergeSort,16384,3.479.492.188,5700800000.00
516,1,SelectionSort,16384,15916735.84,260779800000.00
517,1,MergeSort,4096,2.435.058.594,997400000.00
518,1,SelectionSort,4096,3.895.703.125,15956800000.00
519,1,MergeSort,8192,2.430.664.063,1991200000.00
520,1,SelectionSort,8192,7.896.386.719,64687200000.00
521,1,MergeSort,16384,3.043.701.172,4986800000.00
522,1,SelectionSort,16384,15839971.92,259522100000.00
523,1,MergeSort,4096,2.437.255.859,998300000.00
524,1,SelectionSort,4096,4.363.037.109,17871000000.00
525,1,MergeSort,8192,3.621.948.242,2967100000.00
526,1,SelectionSort,8192,7.822.912.598,64085300000.00
527,1,MergeSort,16384,3.074.951.172,5038000000.00
528,1,SelectionSort,16384,15691900.63,257096100000.00
529,1,MergeSort,4096,242.578.125,993600000.00
530,1,SelectionSort,4096,3910278.32,16016500000.00
531,1,MergeSort,8192,366.027.832,2998500000.00
532,1,SelectionSort,8192,7.756.738.281,63543200000.00
533,1,MergeSort,16384,365.246.582,5984200000.00
534,1,SelectionSort,16384,15737225.34,257838700000.00
535,1,MergeSort,4096,4.878.173.828,1998100000.00
536,1,SelectionSort,4096,3.818.457.031,15640400000.00
537,1,MergeSort,8192,3.681.762.695,3016100000.00
538,1,SelectionSort,8192,7784704.59,63772300000.00
539,1,MergeSort,16384,3.060.913.086,5015000000.00
540,1,SelectionSort,16384,15848455.81,259661100000.00
541,1,MergeSort,4096,4.265.869.141,1747300000.00
542,1,SelectionSort,4096,3.894.628.906,15952400000.00
543,1,MergeSort,8192,2.470.458.984,2023800000.00
544,1,SelectionSort,8192,7.943.835.449,65075900000.00
545,1,MergeSort,16384,3.435.668.945,5629000000.00
546,1,SelectionSort,16384,15824194.34,259263600000.00
547,1,MergeSort,4096,1.614.501.953,661300000.00
548,1,SelectionSort,4096,3.857.592.773,15800700000.00
549,1,MergeSort,8192,3.685.424.805,3019100000.00
550,1,SelectionSort,8192,7.872.888.184,64494700000.00
551,1,MergeSort,16384,3.043.640.137,4986700000.00
552,1,SelectionSort,16384,15823419.19,259250900000.00
553,1,MergeSort,4096,2.435.058.594,997400000.00
554,1,SelectionSort,4096,3.962.231.445,16229300000.00
555,1,MergeSort,8192,3.655.639.648,2994700000.00
556,1,SelectionSort,8192,7.819.909.668,64060700000.00
557,1,MergeSort,16384,3.043.029.785,4985700000.00
558,1,SelectionSort,16384,15745709.23,257977700000.00
559,1,MergeSort,4096,2.504.394.531,1025800000.00
560,1,SelectionSort,4096,4.025.732.422,16489400000.00
561,1,MergeSort,8192,2.434.204.102,1994100000.00
562,1,SelectionSort,8192,8.034.545.898,65819000000.00
563,1,MergeSort,16384,3.059.265.137,5012300000.00
564,1,SelectionSort,16384,15731408.69,257743400000.00
565,1,MergeSort,4096,2.364.257.813,968400000.00
566,1,SelectionSort,4096,3.829.418.945,15685300000.00
567,1,MergeSort,8192,2.469.238.281,2022800000.00
568,1,SelectionSort,8192,7872863.77,64494500000.00
569,1,MergeSort,16384,3.030.090.332,4964500000.00
570,1,SelectionSort,16384,15764648.44,258288000000.00
571,1,MergeSort,4096,2.495.605.469,1022200000.00
572,1,SelectionSort,4096,3.904.199.219,15991600000.00
573,1,MergeSort,8192,2.479.858.398,2031500000.00
574,1,SelectionSort,8192,7810937.5,63987200000.00
575,1,MergeSort,16384,3.589.233.398,5880600000.00
576,1,SelectionSort,16384,15603900.15,255654300000.00
577,1,MergeSort,4096,2.381.347.656,975400000.00
578,1,SelectionSort,4096,4.077.197.266,16700200000.00
579,1,MergeSort,8192,3.641.357.422,2983000000.00
580,1,SelectionSort,8192,7817846.68,64043800000.00
581,1,MergeSort,16384,3.051.818.848,5000100000.00
582,1,SelectionSort,16384,15854290.77,259756700000.00
583,1,MergeSort,4096,4.870.117.188,1994800000.00
584,1,SelectionSort,4096,3.953.222.656,16192400000.00
585,1,MergeSort,8192,2.434.692.383,1994500000.00
586,1,SelectionSort,8192,7.981.091.309,65381100000.00
587,1,MergeSort,16384,3.043.945.313,4987200000.00
588,1,SelectionSort,16384,15822344.97,259233300000.00
589,1,MergeSort,4096,4.875.732.422,1997100000.00
590,1,SelectionSort,4096,3.816.503.906,15632400000.00
591,1,MergeSort,8192,3.652.832.031,2992400000.00
592,1,SelectionSort,8192,7.847.180.176,64284100000.00
593,1,MergeSort,16384,3.635.864.258,5957000000.00
594,1,SelectionSort,16384,15678533.94,256877100000.00
595,1,MergeSort,4096,2.368.164.063,970000000.00
596,1,SelectionSort,4096,3.815.649.414,15628900000.00
597,1,MergeSort,8192,365.234.375,2992000000.00
598,1,SelectionSort,8192,7.827.319.336,64121400000.00
599,1,MergeSort,16384,3.274.841.309,5365500000.00
600,1,SelectionSort,16384,15802807.62,258913200000.00
601,2,MergeSort,4096,6.149.658.203,25189000000.00
602,2,SelectionSort,4096,5.294.433.594,21686000000.00
603,2,MergeSort,8192,1.023.803.711,8387000000.00
604,2,SelectionSort,8192,10015380.86,82046000000.00
605,2,MergeSort,16384,1.023.193.359,16764000000.00
606,2,SelectionSort,16384,20737182.62,339758000000.00
607,2,MergeSort,4096,9.274.902.344,3799000000.00
608,2,SelectionSort,4096,5.253.662.109,21519000000.00
609,2,MergeSort,8192,8.035.888.672,6583000000.00
610,2,SelectionSort,8192,9.816.772.461,80419000000.00
611,2,MergeSort,16384,7.306.518.555,11971000000.00
612,2,SelectionSort,16384,21154296.88,346592000000.00
613,2,MergeSort,4096,6.931.152.344,2839000000.00
614,2,SelectionSort,4096,5.193.115.234,21271000000.00
615,2,MergeSort,8192,7.316.894.531,5994000000.00
616,2,SelectionSort,8192,9.594.726.563,78600000000.00
617,2,MergeSort,16384,7.887.573.242,12923000000.00
618,2,SelectionSort,16384,19820861.82,324745000000.00
619,2,MergeSort,4096,6.765.136.719,2771000000.00
620,2,SelectionSort,4096,4.995.361.328,20461000000.00
621,2,MergeSort,8192,9.838.867.188,8060000000.00
622,2,SelectionSort,8192,9.453.491.211,77443000000.00
623,2,MergeSort,16384,7.575.683.594,12412000000.00
624,2,SelectionSort,16384,19154663.09,313830000000.00
625,2,MergeSort,4096,6.901.855.469,2827000000.00
626,2,SelectionSort,4096,5.088.623.047,20843000000.00
627,2,MergeSort,8192,7.647.705.078,6265000000.00
628,2,SelectionSort,8192,9.599.853.516,78642000000.00
629,2,MergeSort,16384,7.258.911.133,11893000000.00
630,2,SelectionSort,16384,19862915.04,325434000000.00
631,2,MergeSort,4096,869.140.625,3560000000.00
632,2,SelectionSort,4096,6.132.568.359,25119000000.00
633,2,MergeSort,8192,1.037.963.867,8503000000.00
634,2,SelectionSort,8192,11701171.88,95856000000.00
635,2,MergeSort,16384,1.120.239.258,18354000000.00
636,2,SelectionSort,16384,21658996.58,354861000000.00
637,2,MergeSort,4096,683593.75,2800000000.00
638,2,SelectionSort,4096,5.334.716.797,21851000000.00
639,2,MergeSort,8192,791.015.625,6480000000.00
640,2,SelectionSort,8192,11285278.32,92449000000.00
641,2,MergeSort,16384,8.585.205.078,14066000000.00
642,2,SelectionSort,16384,20989257.81,343888000000.00
643,2,MergeSort,4096,6.083.984.375,2492000000.00
644,2,SelectionSort,4096,5.583.984.375,22872000000.00
645,2,MergeSort,8192,7.543.945.313,6180000000.00
646,2,SelectionSort,8192,10501831.05,86031000000.00
647,2,MergeSort,16384,1.230.957.031,20168000000.00
648,2,SelectionSort,16384,19388732.91,317665000000.00
649,2,MergeSort,4096,6.337.890.625,2596000000.00
650,2,SelectionSort,4096,4.875.488.281,19970000000.00
651,2,MergeSort,8192,6.867.675.781,5626000000.00
652,2,SelectionSort,8192,11167358.4,91483000000.00
653,2,MergeSort,16384,7.245.483.398,11871000000.00
654,2,SelectionSort,16384,19243591.31,315287000000.00
655,2,MergeSort,4096,7.270.507.813,2978000000.00
656,2,SelectionSort,4096,5.093.505.859,20863000000.00
657,2,MergeSort,8192,7.713.623.047,6319000000.00
658,2,SelectionSort,8192,11827148.44,96888000000.00
659,2,MergeSort,16384,9.392.089.844,15388000000.00
660,2,SelectionSort,16384,20448730.47,335032000000.00
661,2,MergeSort,4096,619.140.625,2536000000.00
662,2,SelectionSort,4096,5.243.896.484,21479000000.00
663,2,MergeSort,8192,6.752.929.688,5532000000.00
664,2,SelectionSort,8192,9.575.927.734,78446000000.00
665,2,MergeSort,16384,8.255.004.883,13525000000.00
666,2,SelectionSort,16384,25633911.13,419986000000.00
667,2,MergeSort,4096,8.637.695.313,3538000000.00
668,2,SelectionSort,4096,6.723.144.531,27538000000.00
669,2,MergeSort,8192,9.622.802.734,7883000000.00
670,2,SelectionSort,8192,10373046.88,84976000000.00
671,2,MergeSort,16384,8.236.694.336,13495000000.00
672,2,SelectionSort,16384,20891601.56,342288000000.00
673,2,MergeSort,4096,812500,3328000000.00
674,2,SelectionSort,4096,5.695.556.641,23329000000.00
675,2,MergeSort,8192,6.530.761.719,5350000000.00
676,2,SelectionSort,8192,10058349.61,82398000000.00
677,2,MergeSort,16384,7.442.626.953,12194000000.00
678,2,SelectionSort,16384,20707153.32,339266000000.00
679,2,MergeSort,4096,8.425.292.969,3451000000.00
680,2,SelectionSort,4096,5.079.101.563,20804000000.00
681,2,MergeSort,8192,6.453.857.422,5287000000.00
682,2,SelectionSort,8192,10110229.49,82823000000.00
683,2,MergeSort,16384,7.114.868.164,11657000000.00
684,2,SelectionSort,16384,19386901.86,317635000000.00
685,2,MergeSort,4096,6.123.046.875,2508000000.00
686,2,SelectionSort,4096,4.876.708.984,19975000000.00
687,2,MergeSort,8192,7.062.988.281,5786000000.00
688,2,SelectionSort,8192,10496826.17,85990000000.00
689,2,MergeSort,16384,7.279.663.086,11927000000.00
690,2,SelectionSort,16384,20091125.49,329173000000.00
691,2,MergeSort,4096,5.949.707.031,2437000000.00
692,2,SelectionSort,4096,4.820.800.781,19746000000.00
693,2,MergeSort,8192,7.115.478.516,5829000000.00
694,2,SelectionSort,8192,9.776.000.977,80085000000.00
695,2,MergeSort,16384,7.244.262.695,11869000000.00
696,2,SelectionSort,16384,19043029.79,312001000000.00
697,2,MergeSort,4096,6.110.839.844,2503000000.00
698,2,SelectionSort,4096,4.734.130.859,19391000000.00
699,2,MergeSort,8192,7.935.791.016,6501000000.00
700,2,SelectionSort,8192,9.375.610.352,76805000000.00
701,2,MergeSort,16384,6.981.811.523,11439000000.00
702,2,SelectionSort,16384,19046813.96,312063000000.00
703,2,MergeSort,4096,6.511.230.469,2667000000.00
704,2,SelectionSort,4096,4.939.941.406,20234000000.00
705,2,MergeSort,8192,7.241.210.938,5932000000.00
706,2,SelectionSort,8192,9.891.601.563,81032000000.00
707,2,MergeSort,16384,7.102.050.781,11636000000.00
708,2,SelectionSort,16384,19225219.73,314986000000.00
709,2,MergeSort,4096,634.765.625,2600000000.00
710,2,SelectionSort,4096,4.926.269.531,20178000000.00
711,2,MergeSort,8192,7.340.087.891,6013000000.00
712,2,SelectionSort,8192,9558593.75,78304000000.00
713,2,MergeSort,16384,7.627.563.477,12497000000.00
714,2,SelectionSort,16384,19511657.71,319679000000.00
715,2,MergeSort,4096,6.535.644.531,2677000000.00
716,2,SelectionSort,4096,5.180.664.063,21220000000.00
717,2,MergeSort,8192,7.326.660.156,6002000000.00
718,2,SelectionSort,8192,10403442.38,85225000000.00
719,2,MergeSort,16384,7.008.056.641,11482000000.00
720,2,SelectionSort,16384,22559875.49,369621000000.00
721,2,MergeSort,4096,650.390.625,2664000000.00
722,2,SelectionSort,4096,5.115.234.375,20952000000.00
723,2,MergeSort,8192,9.721.679.688,7964000000.00
724,2,SelectionSort,8192,9.859.130.859,80766000000.00
725,2,MergeSort,16384,7.745.361.328,12690000000.00
726,2,SelectionSort,16384,18754089.36,307267000000.00
727,2,MergeSort,4096,6.315.917.969,2587000000.00
728,2,SelectionSort,4096,4.777.099.609,19567000000.00
729,2,MergeSort,8192,7.474.365.234,6123000000.00
730,2,SelectionSort,8192,10293701.17,84326000000.00
731,2,MergeSort,16384,7.534.179.688,12344000000.00
732,2,SelectionSort,16384,19109558.11,313091000000.00
733,2,MergeSort,4096,658.203.125,2696000000.00
734,2,SelectionSort,4096,4.915.771.484,20135000000.00
735,2,MergeSort,8192,679687.5,5568000000.00
736,2,SelectionSort,8192,9.489.013.672,77734000000.00
737,2,MergeSort,16384,7.327.270.508,12005000000.00
738,2,SelectionSort,16384,19170959.47,314097000000.00
739,2,MergeSort,4096,6.025.390.625,2468000000.00
740,2,SelectionSort,4096,5.058.349.609,20719000000.00
741,2,MergeSort,8192,6.853.027.344,5614000000.00
742,2,SelectionSort,8192,10070556.64,82498000000.00
743,2,MergeSort,16384,6.838.378.906,11204000000.00
744,2,SelectionSort,16384,20551147.46,336710000000.00
745,2,MergeSort,4096,6.215.820.313,2546000000.00
746,2,SelectionSort,4096,4.596.679.688,18828000000.00
747,2,MergeSort,8192,7.380.371.094,6046000000.00
748,2,SelectionSort,8192,9.503.540.039,77853000000.00
749,2,MergeSort,16384,7.466.430.664,12233000000.00
750,2,SelectionSort,16384,18877502.44,309289000000.00
751,2,MergeSort,4096,5.925.292.969,2427000000.00
752,2,SelectionSort,4096,5.006.835.938,20508000000.00
753,2,MergeSort,8192,7.034.912.109,5763000000.00
754,2,SelectionSort,8192,9.538.452.148,78139000000.00
755,2,MergeSort,16384,6.915.893.555,11331000000.00
756,2,SelectionSort,16384,18943298.34,310367000000.00
757,2,MergeSort,4096,5.830.078.125,2388000000.00
758,2,SelectionSort,4096,4.623.291.016,18937000000.00
759,2,MergeSort,8192,6.727.294.922,5511000000.00
760,2,SelectionSort,8192,9.330.078.125,76432000000.00
761,2,MergeSort,16384,6.776.733.398,11103000000.00
762,2,SelectionSort,16384,18516601.56,303376000000.00
763,2,MergeSort,4096,6.477.050.781,2653000000.00
764,2,SelectionSort,4096,4.763.183.594,19510000000.00
765,2,MergeSort,8192,6.278.076.172,5143000000.00
766,2,SelectionSort,8192,9.442.260.742,77351000000.00
767,2,MergeSort,16384,7.159.423.828,11730000000.00
768,2,SelectionSort,16384,18840698.24,308686000000.00
769,2,MergeSort,4096,6.071.777.344,2487000000.00
770,2,SelectionSort,4096,4.847.167.969,19854000000.00
771,2,MergeSort,8192,6.782.226.563,5556000000.00
772,2,SelectionSort,8192,9.939.697.266,81426000000.00
773,2,MergeSort,16384,7.618.408.203,12482000000.00
774,2,SelectionSort,16384,19027465.82,311746000000.00
775,2,MergeSort,4096,6.625.976.563,2714000000.00
776,2,SelectionSort,4096,4.610.351.563,18884000000.00
777,2,MergeSort,8192,6.564.941.406,5378000000.00
778,2,SelectionSort,8192,9.510.375.977,77909000000.00
779,2,MergeSort,16384,7.659.301.758,12549000000.00
780,2,SelectionSort,16384,18787841.8,307820000000.00
781,2,MergeSort,4096,6.303.710.938,2582000000.00
782,2,SelectionSort,4096,4.608.154.297,18875000000.00
783,2,MergeSort,8192,1.031.982.422,8454000000.00
784,2,SelectionSort,8192,11048828.13,90512000000.00
785,2,MergeSort,16384,7.816.162.109,12806000000.00
786,2,SelectionSort,16384,18843017.58,308724000000.00
787,2,MergeSort,4096,6.176.757.813,2530000000.00
788,2,SelectionSort,4096,4.760.498.047,19499000000.00
789,2,MergeSort,8192,7.244.873.047,5935000000.00
790,2,SelectionSort,8192,10180786.13,83401000000.00
791,2,MergeSort,16384,7.236.328.125,11856000000.00
792,2,SelectionSort,16384,20538391.11,336501000000.00
793,2,MergeSort,4096,5.947.265.625,2436000000.00
794,2,SelectionSort,4096,5003906.25,20496000000.00
795,2,MergeSort,8192,6.729.736.328,5513000000.00
796,2,SelectionSort,8192,9.921.264.648,81275000000.00
797,2,MergeSort,16384,8.379.516.602,13729000000.00
798,2,SelectionSort,16384,19562622.07,320514000000.00
799,2,MergeSort,4096,6.623.535.156,2713000000.00
800,2,SelectionSort,4096,4.833.496.094,19798000000.00
801,2,MergeSort,8192,6.821.289.063,5588000000.00
802,2,SelectionSort,8192,9.729.125.977,79701000000.00
803,2,MergeSort,16384,719.909.668,11795000000.00
804,2,SelectionSort,16384,19342895.51,316914000000.00
805,2,MergeSort,4096,615.234.375,2520000000.00
806,2,SelectionSort,4096,4.652.832.031,19058000000.00
807,2,MergeSort,8192,7.465.820.313,6116000000.00
808,2,SelectionSort,8192,10484252.93,85887000000.00
809,2,MergeSort,16384,6.972.045.898,11423000000.00
810,2,SelectionSort,16384,19775695.8,324005000000.00
811,2,MergeSort,4096,6.896.972.656,2825000000.00
812,2,SelectionSort,4096,5.131.347.656,21018000000.00
813,2,MergeSort,8192,7.709.960.938,6316000000.00
814,2,SelectionSort,8192,9.631.225.586,78899000000.00
815,2,MergeSort,16384,7.330.932.617,12011000000.00
816,2,SelectionSort,16384,18843383.79,308730000000.00
817,2,MergeSort,4096,5.883.789.063,2410000000.00
818,2,SelectionSort,4096,4.945.556.641,20257000000.00
819,2,MergeSort,8192,6.513.671.875,5336000000.00
820,2,SelectionSort,8192,9.701.049.805,79471000000.00
821,2,MergeSort,16384,7.481.079.102,12257000000.00
822,2,SelectionSort,16384,19395507.81,317776000000.00
823,2,MergeSort,4096,6.052.246.094,2479000000.00
824,2,SelectionSort,4096,5.706.787.109,23375000000.00
825,2,MergeSort,8192,7.269.287.109,5955000000.00
826,2,SelectionSort,8192,9.513.793.945,77937000000.00
827,2,MergeSort,16384,6.842.041.016,11210000000.00
828,2,SelectionSort,16384,18727966.31,306839000000.00
829,2,MergeSort,4096,574218.75,2352000000.00
830,2,SelectionSort,4096,4.593.261.719,18814000000.00
831,2,MergeSort,8192,6.937.255.859,5683000000.00
832,2,SelectionSort,8192,9.490.966.797,77750000000.00
833,2,MergeSort,16384,7.033.081.055,11523000000.00
834,2,SelectionSort,16384,18764282.23,307434000000.00
835,2,MergeSort,4096,5.935.058.594,2431000000.00
836,2,SelectionSort,4096,4.788.085.938,19612000000.00
837,2,MergeSort,8192,7.248.535.156,5938000000.00
838,2,SelectionSort,8192,9.804.199.219,80316000000.00
839,2,MergeSort,16384,7.166.748.047,11742000000.00
840,2,SelectionSort,16384,18674804.69,305968000000.00
841,2,MergeSort,4096,6.352.539.063,2602000000.00
842,2,SelectionSort,4096,4.620.361.328,18925000000.00
843,2,MergeSort,8192,6.469.726.563,5300000000.00
844,2,SelectionSort,8192,9.519.897.461,77987000000.00
845,2,MergeSort,16384,7.728.271.484,12662000000.00
846,2,SelectionSort,16384,18916320.8,309925000000.00
847,2,MergeSort,4096,593750,2432000000.00
848,2,SelectionSort,4096,4.758.056.641,19489000000.00
849,2,MergeSort,8192,6.716.308.594,5502000000.00
850,2,SelectionSort,8192,9.453.613.281,77444000000.00
851,2,MergeSort,16384,6.986.083.984,11446000000.00
852,2,SelectionSort,16384,18846130.37,308775000000.00
853,2,MergeSort,4096,6.843.261.719,2803000000.00
854,2,SelectionSort,4096,4.604.736.328,18861000000.00
855,2,MergeSort,8192,7.496.337.891,6141000000.00
856,2,SelectionSort,8192,9.697.509.766,79442000000.00
857,2,MergeSort,16384,6.881.103.516,11274000000.00
858,2,SelectionSort,16384,18532470.7,303636000000.00
859,2,MergeSort,4096,626.953.125,2568000000.00
860,2,SelectionSort,4096,5.021.728.516,20569000000.00
861,2,MergeSort,8192,7.274.169.922,5959000000.00
862,2,SelectionSort,8192,9.239.379.883,75689000000.00
863,2,MergeSort,16384,7.413.330.078,12146000000.00
864,2,SelectionSort,16384,18515808.11,303363000000.00
865,2,MergeSort,4096,6.076.660.156,2489000000.00
866,2,SelectionSort,4096,5.681.640.625,23272000000.00
867,2,MergeSort,8192,714843.75,5856000000.00
868,2,SelectionSort,8192,9.545.166.016,78194000000.00
869,2,MergeSort,16384,7.052.001.953,11554000000.00
870,2,SelectionSort,16384,18597290.04,304698000000.00
871,2,MergeSort,4096,6.003.417.969,2459000000.00
872,2,SelectionSort,4096,4.618.652.344,18918000000.00
873,2,MergeSort,8192,7.291.259.766,5973000000.00
874,2,SelectionSort,8192,9.259.765.625,75856000000.00
875,2,MergeSort,16384,7.743.530.273,12687000000.00
876,2,SelectionSort,16384,18893859.86,309557000000.00
877,2,MergeSort,4096,6.130.371.094,2511000000.00
878,2,SelectionSort,4096,4.665.771.484,19111000000.00
879,2,MergeSort,8192,6.580.810.547,5391000000.00
880,2,SelectionSort,8192,9.441.162.109,77342000000.00
881,2,MergeSort,16384,7.547.607.422,12366000000.00
882,2,SelectionSort,16384,18627929.69,305200000000.00
883,2,MergeSort,4096,6.809.082.031,2789000000.00
884,2,SelectionSort,4096,4.696.777.344,19238000000.00
885,2,MergeSort,8192,816406.25,6688000000.00
886,2,SelectionSort,8192,9.650.634.766,79058000000.00
887,2,MergeSort,16384,6.883.544.922,11278000000.00
888,2,SelectionSort,16384,18591430.66,304602000000.00
889,2,MergeSort,4096,7.524.414.063,3082000000.00
890,2,SelectionSort,4096,4589843.75,18800000000.00
891,2,MergeSort,8192,7.966.308.594,6526000000.00
892,2,SelectionSort,8192,9.209.350.586,75443000000.00
893,2,MergeSort,16384,6.897.583.008,11301000000.00
894,2,SelectionSort,16384,18641601.56,305424000000.00
895,2,MergeSort,4096,7.094.726.563,2906000000.00
896,2,SelectionSort,4096,5.350.585.938,21916000000.00
897,2,MergeSort,8192,7.122.802.734,5835000000.00
898,2,SelectionSort,8192,9.305.908.203,76234000000.00
899,2,MergeSort,16384,6.740.722.656,11044000000.00
900,2,SelectionSort,16384,18333374.02,300374000000.00
901,2,MergeSort,4096,589843.75,2416000000.00
902,2,SelectionSort,4096,5.046.142.578,20669000000.00
903,2,MergeSort,8192,6.623.535.156,5426000000.00
904,2,SelectionSort,8192,9.228.881.836,75603000000.00
905,2,MergeSort,16384,6.975.708.008,11429000000.00
906,2,SelectionSort,16384,18642822.27,305444000000.00
907,2,MergeSort,4096,7.795.410.156,3193000000.00
908,2,SelectionSort,4096,5.533.691.406,22666000000.00
909,2,MergeSort,8192,7.596.435.547,6223000000.00
910,2,SelectionSort,8192,9.309.204.102,76261000000.00
911,2,MergeSort,16384,7.841.186.523,12847000000.00
912,2,SelectionSort,16384,18629516.6,305226000000.00
913,2,MergeSort,4096,6.059.570.313,2482000000.00
914,2,SelectionSort,4096,4.607.177.734,18871000000.00
915,2,MergeSort,8192,6.724.853.516,5509000000.00
916,2,SelectionSort,8192,9.932.373.047,81366000000.00
917,2,MergeSort,16384,7.439.575.195,12189000000.00
918,2,SelectionSort,16384,18591674.8,304606000000.00
919,2,MergeSort,4096,6.735.839.844,2759000000.00
920,2,SelectionSort,4096,4.553.466.797,18651000000.00
921,2,MergeSort,8192,7.822.265.625,6408000000.00
922,2,SelectionSort,8192,9.413.085.938,77112000000.00
923,2,MergeSort,16384,6.831.665.039,11193000000.00
924,2,SelectionSort,16384,18745666.5,307129000000.00
925,2,MergeSort,4096,6.557.617.188,2686000000.00
926,2,SelectionSort,4096,4.813.232.422,19715000000.00
927,2,MergeSort,8192,734375,6016000000.00
928,2,SelectionSort,8192,10508300.78,86084000000.00
929,2,MergeSort,16384,1.213.867.188,19888000000.00
930,2,SelectionSort,16384,18949157.71,310463000000.00
931,2,MergeSort,4096,6.083.984.375,2492000000.00
932,2,SelectionSort,4096,4781250,19584000000.00
933,2,MergeSort,8192,7.412.109.375,6072000000.00
934,2,SelectionSort,8192,9214721.68,75487000000.00
935,2,MergeSort,16384,6.875.610.352,11265000000.00
936,2,SelectionSort,16384,18711975.1,306577000000.00
937,2,MergeSort,4096,6.059.570.313,2482000000.00
938,2,SelectionSort,4096,4.696.289.063,19236000000.00
939,2,MergeSort,8192,6.645.507.813,5444000000.00
940,2,SelectionSort,8192,9.438.110.352,77317000000.00
941,2,MergeSort,16384,689.453.125,11296000000.00
942,2,SelectionSort,16384,18316833.5,300103000000.00
943,2,MergeSort,4096,6.049.804.688,2478000000.00
944,2,SelectionSort,4096,4.670.654.297,19131000000.00
945,2,MergeSort,8192,6.423.339.844,5262000000.00
946,2,SelectionSort,8192,9.376.953.125,76816000000.00
947,2,MergeSort,16384,6.857.910.156,11236000000.00
948,2,SelectionSort,16384,19531250,320000000000.00
949,2,MergeSort,4096,6.027.832.031,2469000000.00
950,2,SelectionSort,4096,5.383.300.781,22050000000.00
951,2,MergeSort,8192,6.641.845.703,5441000000.00
952,2,SelectionSort,8192,9.330.322.266,76434000000.00
953,2,MergeSort,16384,671875,11008000000.00
954,2,SelectionSort,16384,18351379.39,300669000000.00
955,2,MergeSort,4096,6.440.429.688,2638000000.00
956,2,SelectionSort,4096,4.607.910.156,18874000000.00
957,2,MergeSort,8192,6.567.382.813,5380000000.00
958,2,SelectionSort,8192,9.308.959.961,76259000000.00
959,2,MergeSort,16384,6.875.610.352,11265000000.00
960,2,SelectionSort,16384,18264465.33,299245000000.00
961,2,MergeSort,4096,5.827.636.719,2387000000.00
962,2,SelectionSort,4096,4.551.025.391,18641000000.00
963,2,MergeSort,8192,6.837.158.203,5601000000.00
964,2,SelectionSort,8192,9.313.476.563,76296000000.00
965,2,MergeSort,16384,7.841.186.523,12847000000.00
966,2,SelectionSort,16384,18793457.03,307912000000.00
967,2,MergeSort,4096,6.662.597.656,2729000000.00
968,2,SelectionSort,4096,4.640.136.719,19006000000.00
969,2,MergeSort,8192,6.776.123.047,5551000000.00
970,2,SelectionSort,8192,9.236.816.406,75668000000.00
971,2,MergeSort,16384,772.277.832,12653000000.00
972,2,SelectionSort,16384,18635803.22,305329000000.00
973,2,MergeSort,4096,6.325.683.594,2591000000.00
974,2,SelectionSort,4096,4.875.244.141,19969000000.00
975,2,MergeSort,8192,7.471.923.828,6121000000.00
976,2,SelectionSort,8192,9.378.662.109,76830000000.00
977,2,MergeSort,16384,7.348.632.813,12040000000.00
978,2,SelectionSort,16384,18632873.54,305281000000.00
979,2,MergeSort,4096,5.883.789.063,2410000000.00
980,2,SelectionSort,4096,4.835.449.219,19806000000.00
981,2,MergeSort,8192,7.133.789.063,5844000000.00
982,2,SelectionSort,8192,9.177.978.516,75186000000.00
983,2,MergeSort,16384,6.762.084.961,11079000000.00
984,2,SelectionSort,16384,18968505.86,310780000000.00
985,2,MergeSort,4096,7.465.820.313,3058000000.00
986,2,SelectionSort,4096,5.298.583.984,21703000000.00
987,2,MergeSort,8192,8.374.023.438,6860000000.00
988,2,SelectionSort,8192,9.618.164.063,78792000000.00
989,2,MergeSort,16384,7.971.191.406,13060000000.00
990,2,SelectionSort,16384,18969848.63,310802000000.00
991,2,MergeSort,4096,5.854.492.188,2398000000.00
992,2,SelectionSort,4096,4.597.412.109,18831000000.00
993,2,MergeSort,8192,6.975.097.656,5714000000.00
994,2,SelectionSort,8192,10094848.63,82697000000.00
995,2,MergeSort,16384,7.048.950.195,11549000000.00
996,2,SelectionSort,16384,20182800.29,330675000000.00
997,2,MergeSort,4096,5.864.257.813,2402000000.00
998,2,SelectionSort,4096,4.577.148.438,18748000000.00
999,2,MergeSort,8192,7.188.720.703,5889000000.00
1000,2,SelectionSort,8192,9.177.978.516,75186000000.00
1001,2,MergeSort,16384,6.909.179.688,11320000000.00
1002,2,SelectionSort,16384,18627563.48,305194000000.00
1003,2,MergeSort,4096,6.193.847.656,2537000000.00
1004,2,SelectionSort,4096,4.588.134.766,18793000000.00
1005,2,MergeSort,8192,6.517.333.984,5339000000.00
1006,2,SelectionSort,8192,9.232.543.945,75633000000.00
1007,2,MergeSort,16384,7.852.172.852,12865000000.00
1008,2,SelectionSort,16384,18646179.2,305499000000.00
1009,2,MergeSort,4096,6.020.507.813,2466000000.00
1010,2,SelectionSort,4096,7.471.435.547,30603000000.00
1011,2,MergeSort,8192,6.397.705.078,5241000000.00
1012,2,SelectionSort,8192,9.154.785.156,74996000000.00
1013,2,MergeSort,16384,6.781.616.211,11111000000.00
1014,2,SelectionSort,16384,18421325.68,301815000000.00
1015,2,MergeSort,4096,5.974.121.094,2447000000.00
1016,2,SelectionSort,4096,4.802.978.516,19673000000.00
1017,2,MergeSort,8192,6.666.259.766,5461000000.00
1018,2,SelectionSort,8192,9.943.237.305,81455000000.00
1019,2,MergeSort,16384,7.088.012.695,11613000000.00
1020,2,SelectionSort,16384,18770935.06,307543000000.00
1021,2,MergeSort,4096,6.989.746.094,2863000000.00
1022,2,SelectionSort,4096,4.919.677.734,20151000000.00
1023,2,MergeSort,8192,6.608.886.719,5414000000.00
1024,2,SelectionSort,8192,9.116.699.219,74684000000.00
1025,2,MergeSort,16384,6.817.016.602,11169000000.00
1026,2,SelectionSort,16384,18697753.91,306344000000.00
1027,2,MergeSort,4096,6.000.976.563,2458000000.00
1028,2,SelectionSort,4096,4769531.25,19536000000.00
1029,2,MergeSort,8192,8.200.683.594,6718000000.00
1030,2,SelectionSort,8192,9.180.297.852,75205000000.00
1031,2,MergeSort,16384,7.105.712.891,11642000000.00
1032,2,SelectionSort,16384,18345031.74,300565000000.00
1033,2,MergeSort,4096,6.149.902.344,2519000000.00
1034,2,SelectionSort,4096,4.579.101.563,18756000000.00
1035,2,MergeSort,8192,6.755.371.094,5534000000.00
1036,2,SelectionSort,8192,9.617.919.922,78790000000.00
1037,2,MergeSort,16384,7.427.978.516,12170000000.00
1038,2,SelectionSort,16384,18731384.28,306895000000.00
1039,2,MergeSort,4096,6.538.085.938,2678000000.00
1040,2,SelectionSort,4096,4.582.763.672,18771000000.00
1041,2,MergeSort,8192,6.945.800.781,5690000000.00
1042,2,SelectionSort,8192,9.280.883.789,76029000000.00
1043,2,MergeSort,16384,6.865.844.727,11249000000.00
1044,2,SelectionSort,16384,18374755.86,301052000000.00
1045,2,MergeSort,4096,6.166.992.188,2526000000.00
1046,2,SelectionSort,4096,4.583.496.094,18774000000.00
1047,2,MergeSort,8192,6.420.898.438,5260000000.00
1048,2,SelectionSort,8192,9.434.936.523,77291000000.00
1049,2,MergeSort,16384,7.164.916.992,11739000000.00
1050,2,SelectionSort,16384,18511474.61,303292000000.00
1051,2,MergeSort,4096,5.759.277.344,2359000000.00
1052,2,SelectionSort,4096,4.590.332.031,18802000000.00
1053,2,MergeSort,8192,6.480.712.891,5309000000.00
1054,2,SelectionSort,8192,9.224.609.375,75568000000.00
1055,2,MergeSort,16384,7.284.545.898,11935000000.00
1056,2,SelectionSort,16384,18629211.43,305221000000.00
1057,2,MergeSort,4096,5.815.429.688,2382000000.00
1058,2,SelectionSort,4096,4.530.761.719,18558000000.00
1059,2,MergeSort,8192,6.673.583.984,5467000000.00
1060,2,SelectionSort,8192,9.573.608.398,78427000000.00
1061,2,MergeSort,16384,6.870.727.539,11257000000.00
1062,2,SelectionSort,16384,18553894.04,303987000000.00
1063,2,MergeSort,4096,7.670.898.438,3142000000.00
1064,2,SelectionSort,4096,4.680.908.203,19173000000.00
1065,2,MergeSort,8192,7.490.234.375,6136000000.00
1066,2,SelectionSort,8192,9.137.451.172,74854000000.00
1067,2,MergeSort,16384,6.912.841.797,11326000000.00
1068,2,SelectionSort,16384,18645935.06,305495000000.00
1069,2,MergeSort,4096,6.186.523.438,2534000000.00
1070,2,SelectionSort,4096,4.948.242.188,20268000000.00
1071,2,MergeSort,8192,6.436.767.578,5273000000.00
1072,2,SelectionSort,8192,9.718.383.789,79613000000.00
1073,2,MergeSort,16384,6.771.240.234,11094000000.00
1074,2,SelectionSort,16384,18641296.39,305419000000.00
1075,2,MergeSort,4096,6.037.597.656,2473000000.00
1076,2,SelectionSort,4096,5718750,23424000000.00
1077,2,MergeSort,8192,7.009.277.344,5742000000.00
1078,2,SelectionSort,8192,9.108.032.227,74613000000.00
1079,2,MergeSort,16384,1.205.993.652,19759000000.00
1080,2,SelectionSort,16384,18324035.64,300221000000.00
1081,2,MergeSort,4096,6.589.355.469,2699000000.00
1082,2,SelectionSort,4096,4609375,18880000000.00
1083,2,MergeSort,8192,6.217.041.016,5093000000.00
1084,2,SelectionSort,8192,9.383.911.133,76873000000.00
1085,2,MergeSort,16384,7.045.898.438,11544000000.00
1086,2,SelectionSort,16384,18381713.87,301166000000.00
1087,2,MergeSort,4096,6.147.460.938,2518000000.00
1088,2,SelectionSort,4096,4.623.046.875,18936000000.00
1089,2,MergeSort,8192,7.271.728.516,5957000000.00
1090,2,SelectionSort,8192,9.672.729.492,79239000000.00
1091,2,MergeSort,16384,7.090.454.102,11617000000.00
1092,2,SelectionSort,16384,18622009.28,305103000000.00
1093,2,MergeSort,4096,6.020.507.813,2466000000.00
1094,2,SelectionSort,4096,4.849.609.375,19864000000.00
1095,2,MergeSort,8192,6.755.371.094,5534000000.00
1096,2,SelectionSort,8192,9.489.379.883,77737000000.00
1097,2,MergeSort,16384,7.174.682.617,11755000000.00
1098,2,SelectionSort,16384,18626770.02,305181000000.00
1099,2,MergeSort,4096,6.201.171.875,2540000000.00
1100,2,SelectionSort,4096,4.745.849.609,19439000000.00
1101,2,MergeSort,8192,7.434.082.031,6090000000.00
1102,2,SelectionSort,8192,9054565.43,74175000000.00
1103,2,MergeSort,16384,7.092.895.508,11621000000.00
1104,2,SelectionSort,16384,18226196.29,298618000000.00
1105,2,MergeSort,4096,6.101.074.219,2499000000.00
1106,2,SelectionSort,4096,4.958.007.813,20308000000.00
1107,2,MergeSort,8192,6.945.800.781,5690000000.00
1108,2,SelectionSort,8192,10326416.02,84594000000.00
1109,2,MergeSort,16384,694.152.832,11373000000.00
1110,2,SelectionSort,16384,18598388.67,304716000000.00
1111,2,MergeSort,4096,6.442.871.094,2639000000.00
1112,2,SelectionSort,4096,4.532.470.703,18565000000.00
1113,2,MergeSort,8192,7.679.443.359,6291000000.00
1114,2,SelectionSort,8192,9.277.709.961,76003000000.00
1115,2,MergeSort,16384,7.043.457.031,11540000000.00
1116,2,SelectionSort,16384,18751708.98,307228000000.00
1117,2,MergeSort,4096,5.979.003.906,2449000000.00
1118,2,SelectionSort,4096,4.756.591.797,19483000000.00
1119,2,MergeSort,8192,9.106.445.313,7460000000.00
1120,2,SelectionSort,8192,9.715.209.961,79587000000.00
1121,2,MergeSort,16384,7.017.211.914,11497000000.00
1122,2,SelectionSort,16384,18862487.79,309043000000.00
1123,2,MergeSort,4096,5.908.203.125,2420000000.00
1124,2,SelectionSort,4096,4.530.761.719,18558000000.00
1125,2,MergeSort,8192,6.735.839.844,5518000000.00
1126,2,SelectionSort,8192,9.384.887.695,76881000000.00
1127,2,MergeSort,16384,677.734.375,11104000000.00
1128,2,SelectionSort,16384,18436401.37,302062000000.00
1129,2,MergeSort,4096,6.977.539.063,2858000000.00
1130,2,SelectionSort,4096,4.775.390.625,19560000000.00
1131,2,MergeSort,8192,6.938.476.563,5684000000.00
1132,2,SelectionSort,8192,9.558.837.891,78306000000.00
1133,2,MergeSort,16384,6.911.010.742,11323000000.00
1134,2,SelectionSort,16384,18607910.16,304872000000.00
1135,2,MergeSort,4096,8.154.296.875,3340000000.00
1136,2,SelectionSort,4096,4.732.421.875,19384000000.00
1137,2,MergeSort,8192,6.453.857.422,5287000000.00
1138,2,SelectionSort,8192,9.245.605.469,75740000000.00
1139,2,MergeSort,16384,662.902.832,10861000000.00
1140,2,SelectionSort,16384,18482421.88,302816000000.00
1141,2,MergeSort,4096,7.014.160.156,2873000000.00
1142,2,SelectionSort,4096,4.675.537.109,19151000000.00
1143,2,MergeSort,8192,7.498.779.297,6143000000.00
1144,2,SelectionSort,8192,9.302.368.164,76205000000.00
1145,2,MergeSort,16384,7.611.083.984,12470000000.00
1146,2,SelectionSort,16384,18596313.48,304682000000.00
1147,2,MergeSort,4096,5.744.628.906,2353000000.00
1148,2,SelectionSort,4096,4.653.808.594,19062000000.00
1149,2,MergeSort,8192,6.552.734.375,5368000000.00
1150,2,SelectionSort,8192,12684570.31,103912000000.00
1151,2,MergeSort,16384,710.144.043,11635000000.00
1152,2,SelectionSort,16384,18712463.38,306585000000.00
1153,2,MergeSort,4096,595.703.125,2440000000.00
1154,2,SelectionSort,4096,4.545.654.297,18619000000.00
1155,2,MergeSort,8192,6.778.564.453,5553000000.00
1156,2,SelectionSort,8192,9.266.967.773,75915000000.00
1157,2,MergeSort,16384,6.952.514.648,11391000000.00
1158,2,SelectionSort,16384,18729675.29,306867000000.00
1159,2,MergeSort,4096,7.180.175.781,2941000000.00
1160,2,SelectionSort,4096,4.736.816.406,19402000000.00
1161,2,MergeSort,8192,6.395.263.672,5239000000.00
1162,2,SelectionSort,8192,9.551.635.742,78247000000.00
1163,2,MergeSort,16384,6.830.444.336,11191000000.00
1164,2,SelectionSort,16384,19003967.29,311361000000.00
1165,2,MergeSort,4096,5.974.121.094,2447000000.00
1166,2,SelectionSort,4096,4.618.164.063,18916000000.00
1167,2,MergeSort,8192,6.546.630.859,5363000000.00
1168,2,SelectionSort,8192,9.219.116.211,75523000000.00
1169,2,MergeSort,16384,7.103.271.484,11638000000.00
1170,2,SelectionSort,16384,18310791.02,300004000000.00
1171,2,MergeSort,4096,6.232.910.156,2553000000.00
1172,2,SelectionSort,4096,4917968.75,20144000000.00
1173,2,MergeSort,8192,7.133.789.063,5844000000.00
1174,2,SelectionSort,8192,9.185.180.664,75245000000.00
1175,2,MergeSort,16384,728.515.625,11936000000.00
1176,2,SelectionSort,16384,18470581.05,302622000000.00
1177,2,MergeSort,4096,5.866.699.219,2403000000.00
1178,2,SelectionSort,4096,4.868.164.063,19940000000.00
1179,2,MergeSort,8192,6.973.876.953,5713000000.00
1180,2,SelectionSort,8192,9.789.306.641,80194000000.00
1181,2,MergeSort,16384,7.373.046.875,12080000000.00
1182,2,SelectionSort,16384,18493225.1,302993000000.00
1183,2,MergeSort,4096,5.864.257.813,2402000000.00
1184,2,SelectionSort,4096,4.543.212.891,18609000000.00
1185,2,MergeSort,8192,6.363.525.391,5213000000.00
1186,2,SelectionSort,8192,9.191.650.391,75298000000.00
1187,2,MergeSort,16384,6.709.594.727,10993000000.00
1188,2,SelectionSort,16384,18399597.17,301459000000.00
1189,2,MergeSort,4096,6.164.550.781,2525000000.00
1190,2,SelectionSort,4096,4.560.791.016,18681000000.00
1191,2,MergeSort,8192,6.466.064.453,5297000000.00
1192,2,SelectionSort,8192,10048828.13,82320000000.00
1193,2,MergeSort,16384,6.892.700.195,11293000000.00
1194,2,SelectionSort,16384,18695251.46,306303000000.00
1195,2,MergeSort,4096,6.840.820.313,2802000000.00
1196,2,SelectionSort,4096,4.747.070.313,19444000000.00
1197,2,MergeSort,8192,6.357.421.875,5208000000.00
1198,2,SelectionSort,8192,9.369.873.047,76758000000.00
1199,2,MergeSort,16384,7.008.666.992,11483000000.00
1200,2,SelectionSort,16384,18565124.51,304171000000.00